-- phpMyAdmin SQL Dump
-- version 4.5.1
-- http://www.phpmyadmin.net
--
-- Host: 127.0.0.1
-- Generation Time: 27-Out-2017 às 12:26
-- Versão do servidor: 10.1.16-MariaDB
-- PHP Version: 5.6.24

SET SQL_MODE = "NO_AUTO_VALUE_ON_ZERO";
SET time_zone = "+00:00";


/*!40101 SET @OLD_CHARACTER_SET_CLIENT=@@CHARACTER_SET_CLIENT */;
/*!40101 SET @OLD_CHARACTER_SET_RESULTS=@@CHARACTER_SET_RESULTS */;
/*!40101 SET @OLD_COLLATION_CONNECTION=@@COLLATION_CONNECTION */;
/*!40101 SET NAMES utf8mb4 */;

--
-- Database: `athenadb`
--

-- --------------------------------------------------------

--
-- Estrutura da tabela `atributos`
--

CREATE TABLE `atributos` (
  `atr_id` bigint(20) UNSIGNED NOT NULL,
  `atr_level` bigint(20) UNSIGNED NOT NULL,
  `cls_id` bigint(20) UNSIGNED NOT NULL COMMENT 'Fk da tabela de classes',
  `atr_exptotal` int(10) UNSIGNED NOT NULL,
  `atr_expnext` int(10) UNSIGNED DEFAULT NULL,
  `atr_dropmoney` int(10) UNSIGNED NOT NULL,
  `atr_hp` int(10) UNSIGNED NOT NULL,
  `atr_atk` int(10) UNSIGNED NOT NULL,
  `atr_def` int(10) UNSIGNED NOT NULL,
  `atr_spatk` int(10) UNSIGNED NOT NULL,
  `atr_spdef` int(10) UNSIGNED NOT NULL
) ENGINE=MyISAM DEFAULT CHARSET=utf8 COLLATE=utf8_unicode_ci;

--
-- Extraindo dados da tabela `atributos`
--

INSERT INTO `atributos` (`atr_id`, `atr_level`, `cls_id`, `atr_exptotal`, `atr_expnext`, `atr_dropmoney`, `atr_hp`, `atr_atk`, `atr_def`, `atr_spatk`, `atr_spdef`) VALUES
(1, 1, 1, 0, 6, 50, 30, 45, 35, 25, 35),
(2, 2, 1, 6, 15, 100, 32, 46, 36, 26, 36),
(3, 3, 1, 21, 30, 150, 34, 47, 37, 27, 37),
(4, 4, 1, 51, 49, 200, 36, 48, 38, 28, 38),
(5, 5, 1, 100, 72, 250, 38, 49, 39, 29, 39),
(6, 6, 1, 172, 102, 300, 40, 50, 40, 30, 40),
(7, 7, 1, 274, 135, 350, 42, 51, 41, 31, 41),
(8, 8, 1, 409, 174, 400, 44, 52, 42, 32, 42),
(9, 9, 1, 583, 217, 450, 46, 53, 43, 33, 43),
(10, 10, 1, 800, 264, 500, 48, 54, 44, 34, 44),
(11, 11, 1, 1064, 318, 550, 50, 55, 45, 35, 45),
(12, 12, 1, 1382, 375, 600, 52, 56, 46, 36, 46),
(13, 13, 1, 1757, 438, 650, 54, 57, 47, 37, 47),
(14, 14, 1, 2195, 505, 700, 56, 58, 48, 38, 48),
(15, 15, 1, 2700, 576, 750, 58, 59, 49, 39, 49),
(16, 16, 1, 3276, 654, 800, 60, 60, 50, 40, 50),
(17, 17, 1, 3930, 735, 850, 62, 61, 51, 41, 51),
(18, 18, 1, 4665, 822, 900, 64, 62, 52, 42, 52),
(19, 19, 1, 5487, 913, 950, 66, 63, 53, 43, 53),
(20, 20, 1, 6400, 1008, 1000, 68, 64, 54, 44, 54),
(21, 21, 1, 7408, 1110, 1050, 70, 65, 55, 45, 55),
(22, 22, 1, 8518, 1215, 1100, 72, 66, 56, 46, 56),
(23, 23, 1, 9733, 1326, 1150, 74, 67, 57, 47, 57),
(24, 24, 1, 11059, 1441, 1200, 76, 68, 58, 48, 58),
(25, 25, 1, 12500, 1560, 1250, 78, 69, 59, 49, 59),
(26, 26, 1, 14060, 1686, 1300, 80, 70, 60, 50, 60),
(27, 27, 1, 15746, 1815, 1350, 82, 71, 61, 51, 61),
(28, 28, 1, 17561, 1950, 1400, 84, 72, 62, 52, 62),
(29, 29, 1, 19511, 2089, 1450, 86, 73, 63, 53, 63),
(30, 30, 1, 21600, 2232, 1500, 88, 74, 64, 54, 64),
(31, 31, 1, 23832, 2382, 1550, 90, 75, 65, 55, 65),
(32, 32, 1, 26214, 2535, 1600, 92, 76, 66, 56, 66),
(33, 33, 1, 28749, 2694, 1650, 94, 77, 67, 57, 67),
(34, 34, 1, 31443, 2857, 1700, 96, 78, 68, 58, 68),
(35, 35, 1, 34300, 3024, 1750, 98, 79, 69, 59, 69),
(36, 36, 1, 37324, 3198, 1800, 100, 80, 70, 60, 70),
(37, 37, 1, 40522, 3375, 1850, 102, 81, 71, 61, 71),
(38, 38, 1, 43897, 3558, 1900, 104, 82, 72, 62, 72),
(39, 39, 1, 47455, 3745, 1950, 106, 83, 73, 63, 73),
(40, 40, 1, 51200, 3936, 2000, 108, 84, 74, 64, 74),
(41, 41, 1, 55136, 4134, 2050, 110, 85, 75, 65, 75),
(42, 42, 1, 59270, 4335, 2100, 112, 86, 76, 66, 76),
(43, 43, 1, 63605, 4542, 2150, 114, 87, 77, 67, 77),
(44, 44, 1, 68147, 4753, 2200, 116, 88, 78, 68, 78),
(45, 45, 1, 72900, 4968, 2250, 118, 89, 79, 69, 79),
(46, 46, 1, 77868, 5190, 2300, 120, 90, 80, 70, 80),
(47, 47, 1, 83058, 5415, 2350, 122, 91, 81, 71, 81),
(48, 48, 1, 88473, 5646, 2400, 124, 92, 82, 72, 82),
(49, 49, 1, 94119, 5881, 2450, 126, 93, 83, 73, 83),
(50, 50, 1, 100000, 6120, 2500, 128, 94, 84, 74, 84),
(51, 51, 1, 106120, 6366, 2550, 130, 95, 85, 75, 85),
(52, 52, 1, 112486, 6615, 2600, 132, 96, 86, 76, 86),
(53, 53, 1, 119101, 6870, 2650, 134, 97, 87, 77, 87),
(54, 54, 1, 125971, 7129, 2700, 136, 98, 88, 78, 88),
(55, 55, 1, 133100, 7392, 2750, 138, 99, 89, 79, 89),
(56, 56, 1, 140492, 7662, 2800, 140, 100, 90, 80, 90),
(57, 57, 1, 148154, 7935, 2850, 142, 101, 91, 81, 91),
(58, 58, 1, 156089, 8214, 2900, 144, 102, 92, 82, 92),
(59, 59, 1, 164303, 8497, 2950, 146, 103, 93, 83, 93),
(60, 60, 1, 172800, 8784, 3000, 148, 104, 94, 84, 94),
(61, 61, 1, 181584, 9078, 3050, 150, 105, 95, 85, 95),
(62, 62, 1, 190662, 9375, 3100, 152, 106, 96, 86, 96),
(63, 63, 1, 200037, 9678, 3150, 154, 107, 97, 87, 97),
(64, 64, 1, 209715, 9985, 3200, 156, 108, 98, 88, 98),
(65, 65, 1, 219700, 10296, 3250, 158, 109, 99, 89, 99),
(66, 66, 1, 229996, 10614, 3300, 160, 110, 100, 90, 100),
(67, 67, 1, 240610, 10935, 3350, 162, 111, 101, 91, 101),
(68, 68, 1, 251545, 11262, 3400, 164, 112, 102, 92, 102),
(69, 69, 1, 262807, 11593, 3450, 166, 113, 103, 93, 103),
(70, 70, 1, 274400, 11928, 3500, 168, 114, 104, 94, 104),
(71, 71, 1, 286328, 12270, 3550, 170, 115, 105, 95, 105),
(72, 72, 1, 298598, 12615, 3600, 172, 116, 106, 96, 106),
(73, 73, 1, 311213, 12966, 3650, 174, 117, 107, 97, 107),
(74, 74, 1, 324179, 13321, 3700, 176, 118, 108, 98, 108),
(75, 75, 1, 337500, 13680, 3750, 178, 119, 109, 99, 109),
(76, 76, 1, 351180, 14046, 3800, 180, 120, 110, 100, 110),
(77, 77, 1, 365226, 14415, 3850, 182, 121, 111, 101, 111),
(78, 78, 1, 379641, 14790, 3900, 184, 122, 112, 102, 112),
(79, 79, 1, 394431, 15169, 3950, 186, 123, 113, 103, 113),
(80, 80, 1, 409600, 15552, 4000, 188, 124, 114, 104, 114),
(81, 81, 1, 425152, 15942, 4050, 190, 125, 115, 105, 115),
(82, 82, 1, 441094, 16335, 4100, 192, 126, 116, 106, 116),
(83, 83, 1, 457429, 16734, 4150, 194, 127, 117, 107, 117),
(84, 84, 1, 474163, 17137, 4200, 196, 128, 118, 108, 118),
(85, 85, 1, 491300, 17544, 4250, 198, 129, 119, 109, 119),
(86, 86, 1, 508844, 17958, 4300, 200, 130, 120, 110, 120),
(87, 87, 1, 526802, 18375, 4350, 202, 131, 121, 111, 121),
(88, 88, 1, 545177, 18798, 4400, 204, 132, 122, 112, 122),
(89, 89, 1, 563975, 19225, 4450, 206, 133, 123, 113, 123),
(90, 90, 1, 583200, 19656, 4500, 208, 134, 124, 114, 124),
(91, 91, 1, 602856, 20094, 4550, 213, 139, 128, 117, 128),
(92, 92, 1, 622950, 20535, 4600, 218, 144, 132, 120, 132),
(93, 93, 1, 643485, 20982, 4650, 223, 149, 136, 123, 136),
(94, 94, 1, 664467, 21433, 4700, 228, 154, 140, 126, 140),
(95, 95, 1, 685900, 21888, 4750, 233, 159, 144, 129, 144),
(96, 96, 1, 707788, 22350, 4800, 238, 164, 148, 132, 148),
(97, 97, 1, 730138, 22815, 4850, 243, 169, 152, 135, 152),
(98, 98, 1, 752953, 23286, 4900, 248, 174, 156, 138, 156),
(99, 99, 1, 776239, 23761, 4950, 253, 179, 160, 141, 160),
(100, 100, 1, 800000, NULL, 5000, 264, 189, 169, 149, 169),
(101, 1, 2, 0, 8, 63, 43, 50, 57, 57, 57),
(102, 2, 2, 8, 19, 126, 45, 51, 58, 58, 58),
(103, 3, 2, 27, 37, 189, 47, 52, 59, 59, 59),
(104, 4, 2, 64, 61, 252, 49, 53, 60, 60, 60),
(105, 5, 2, 125, 91, 315, 51, 54, 61, 61, 61),
(106, 6, 2, 216, 127, 378, 53, 55, 62, 62, 62),
(107, 7, 2, 343, 169, 441, 55, 56, 63, 63, 63),
(108, 8, 2, 512, 217, 504, 57, 57, 64, 64, 64),
(109, 9, 2, 729, 271, 567, 59, 58, 65, 65, 65),
(110, 10, 2, 1000, 331, 630, 61, 59, 66, 66, 66),
(111, 11, 2, 1331, 397, 693, 63, 60, 67, 67, 67),
(112, 12, 2, 1728, 469, 756, 65, 61, 68, 68, 68),
(113, 13, 2, 2197, 547, 819, 67, 62, 69, 69, 69),
(114, 14, 2, 2744, 631, 882, 69, 63, 70, 70, 70),
(115, 15, 2, 3375, 721, 945, 71, 64, 71, 71, 71),
(116, 16, 2, 4096, 817, 1008, 73, 65, 72, 72, 72),
(117, 17, 2, 4913, 919, 1071, 75, 66, 73, 73, 73),
(118, 18, 2, 5832, 1027, 1134, 77, 67, 74, 74, 74),
(119, 19, 2, 6859, 1141, 1197, 79, 68, 75, 75, 75),
(120, 20, 2, 8000, 1261, 1260, 81, 69, 76, 76, 76),
(121, 21, 2, 9261, 1387, 1323, 83, 70, 77, 77, 77),
(122, 22, 2, 10648, 1519, 1386, 85, 71, 78, 78, 78),
(123, 23, 2, 12167, 1657, 1449, 87, 72, 79, 79, 79),
(124, 24, 2, 13824, 1801, 1512, 89, 73, 80, 80, 80),
(125, 25, 2, 15625, 1951, 1575, 91, 74, 81, 81, 81),
(126, 26, 2, 17576, 2107, 1638, 93, 75, 82, 82, 82),
(127, 27, 2, 19683, 2269, 1701, 95, 76, 83, 83, 83),
(128, 28, 2, 21952, 2437, 1764, 97, 77, 84, 84, 84),
(129, 29, 2, 24389, 2611, 1827, 99, 78, 85, 85, 85),
(130, 30, 2, 27000, 2791, 1890, 101, 79, 86, 86, 86),
(131, 31, 2, 29791, 2977, 1953, 103, 80, 87, 87, 87),
(132, 32, 2, 32768, 3169, 2016, 105, 81, 88, 88, 88),
(133, 33, 2, 35937, 3367, 2079, 107, 82, 89, 89, 89),
(134, 34, 2, 39304, 3571, 2142, 109, 83, 90, 90, 90),
(135, 35, 2, 42875, 3781, 2205, 111, 84, 91, 91, 91),
(136, 36, 2, 46656, 3997, 2268, 113, 85, 92, 92, 92),
(137, 37, 2, 50653, 4219, 2331, 115, 86, 93, 93, 93),
(138, 38, 2, 54872, 4447, 2394, 117, 87, 94, 94, 94),
(139, 39, 2, 59319, 4681, 2457, 119, 88, 95, 95, 95),
(140, 40, 2, 64000, 4921, 2520, 121, 89, 96, 96, 96),
(141, 41, 2, 68921, 5167, 2583, 123, 90, 97, 97, 97),
(142, 42, 2, 74088, 5419, 2646, 125, 91, 98, 98, 98),
(143, 43, 2, 79507, 5677, 2709, 127, 92, 99, 99, 99),
(144, 44, 2, 85184, 5941, 2772, 129, 93, 100, 100, 100),
(145, 45, 2, 91125, 6211, 2835, 131, 94, 101, 101, 101),
(146, 46, 2, 97336, 6487, 2898, 133, 95, 102, 102, 102),
(147, 47, 2, 103823, 6769, 2961, 135, 96, 103, 103, 103),
(148, 48, 2, 110592, 7057, 3024, 137, 97, 104, 104, 104),
(149, 49, 2, 117649, 7351, 3087, 139, 98, 105, 105, 105),
(150, 50, 2, 125000, 7651, 3150, 141, 99, 106, 106, 106),
(151, 51, 2, 132651, 7957, 3213, 143, 100, 107, 107, 107),
(152, 52, 2, 140608, 8269, 3276, 145, 101, 108, 108, 108),
(153, 53, 2, 148877, 8587, 3339, 147, 102, 109, 109, 109),
(154, 54, 2, 157464, 8911, 3402, 149, 103, 110, 110, 110),
(155, 55, 2, 166375, 9241, 3465, 151, 104, 111, 111, 111),
(156, 56, 2, 175616, 9577, 3528, 153, 105, 112, 112, 112),
(157, 57, 2, 185193, 9919, 3591, 155, 106, 113, 113, 113),
(158, 58, 2, 195112, 10267, 3654, 157, 107, 114, 114, 114),
(159, 59, 2, 205379, 10621, 3717, 159, 108, 115, 115, 115),
(160, 60, 2, 216000, 10981, 3780, 161, 109, 116, 116, 116),
(161, 61, 2, 226981, 11347, 3843, 163, 110, 117, 117, 117),
(162, 62, 2, 238328, 11719, 3906, 165, 111, 118, 118, 118),
(163, 63, 2, 250047, 12097, 3969, 167, 112, 119, 119, 119),
(164, 64, 2, 262144, 12481, 4032, 169, 113, 120, 120, 120),
(165, 65, 2, 274625, 12871, 4095, 171, 114, 121, 121, 121),
(166, 66, 2, 287496, 13267, 4158, 173, 115, 122, 122, 122),
(167, 67, 2, 300763, 13669, 4221, 175, 116, 123, 123, 123),
(168, 68, 2, 314432, 14077, 4284, 177, 117, 124, 124, 124),
(169, 69, 2, 328509, 14491, 4347, 179, 118, 125, 125, 125),
(170, 70, 2, 343000, 14911, 4410, 181, 119, 126, 126, 126),
(171, 71, 2, 357911, 15337, 4473, 183, 120, 127, 127, 127),
(172, 72, 2, 373248, 15769, 4536, 185, 121, 128, 128, 128),
(173, 73, 2, 389017, 16207, 4599, 187, 122, 129, 129, 129),
(174, 74, 2, 405224, 16651, 4662, 189, 123, 130, 130, 130),
(175, 75, 2, 421875, 17101, 4725, 191, 124, 131, 131, 131),
(176, 76, 2, 438976, 17557, 4788, 193, 125, 132, 132, 132),
(177, 77, 2, 456533, 18019, 4851, 195, 126, 133, 133, 133),
(178, 78, 2, 474552, 18487, 4914, 197, 127, 134, 134, 134),
(179, 79, 2, 493039, 18961, 4977, 199, 128, 135, 135, 135),
(180, 80, 2, 512000, 19441, 5040, 201, 129, 136, 136, 136),
(181, 81, 2, 531441, 19927, 5103, 203, 130, 137, 137, 137),
(182, 82, 2, 551368, 20419, 5166, 205, 131, 138, 138, 138),
(183, 83, 2, 571787, 20917, 5229, 207, 132, 139, 139, 139),
(184, 84, 2, 592704, 21421, 5292, 209, 133, 140, 140, 140),
(185, 85, 2, 614125, 21931, 5355, 211, 134, 141, 141, 141),
(186, 86, 2, 636056, 22447, 5418, 213, 135, 142, 142, 142),
(187, 87, 2, 658503, 22969, 5481, 215, 136, 143, 143, 143),
(188, 88, 2, 681472, 23497, 5544, 217, 137, 144, 144, 144),
(189, 89, 2, 704969, 24031, 5607, 219, 138, 145, 145, 145),
(190, 90, 2, 729000, 24571, 5670, 221, 139, 146, 146, 146),
(191, 91, 2, 753571, 25117, 5733, 228, 145, 152, 153, 153),
(192, 92, 2, 778688, 25669, 5796, 235, 151, 158, 160, 160),
(193, 93, 2, 804357, 26227, 5859, 242, 157, 164, 167, 167),
(194, 94, 2, 830584, 26791, 5922, 249, 163, 170, 174, 174),
(195, 95, 2, 857375, 27361, 5985, 256, 169, 176, 181, 181),
(196, 96, 2, 884736, 27937, 6048, 263, 175, 182, 188, 188),
(197, 97, 2, 912673, 28519, 6111, 270, 181, 188, 195, 195),
(198, 98, 2, 941192, 29107, 6174, 277, 187, 194, 202, 202),
(199, 99, 2, 970299, 29701, 6237, 284, 193, 200, 209, 209),
(200, 100, 2, 1000000, NULL, 6300, 288, 199, 207, 214, 214),
(201, 1, 3, 0, 9, 142, 59, 63, 70, 72, 72),
(202, 2, 3, 9, 48, 284, 61, 64, 71, 73, 73),
(203, 3, 3, 57, 39, 426, 63, 65, 72, 74, 74),
(204, 4, 3, 96, 39, 568, 65, 66, 73, 75, 75),
(205, 5, 3, 135, 44, 710, 67, 67, 74, 76, 76),
(206, 6, 3, 179, 57, 852, 69, 68, 75, 77, 77),
(207, 7, 3, 236, 78, 994, 71, 69, 76, 78, 78),
(208, 8, 3, 314, 105, 1136, 73, 70, 77, 79, 79),
(209, 9, 3, 419, 141, 1278, 75, 71, 78, 80, 80),
(210, 10, 3, 560, 182, 1420, 77, 72, 79, 81, 81),
(211, 11, 3, 742, 231, 1562, 79, 73, 80, 82, 82),
(212, 12, 3, 973, 288, 1704, 81, 74, 81, 83, 83),
(213, 13, 3, 1261, 351, 1846, 83, 75, 82, 84, 84),
(214, 14, 3, 1612, 423, 1988, 85, 76, 83, 85, 85),
(215, 15, 3, 2035, 500, 2130, 87, 77, 84, 86, 86),
(216, 16, 3, 2535, 585, 2272, 89, 78, 85, 87, 87),
(217, 17, 3, 3120, 678, 2414, 91, 79, 86, 88, 88),
(218, 18, 3, 3798, 777, 2556, 93, 80, 87, 89, 89),
(219, 19, 3, 4575, 885, 2698, 95, 81, 88, 90, 90),
(220, 20, 3, 5460, 998, 2840, 97, 82, 89, 91, 91),
(221, 21, 3, 6458, 1119, 2982, 99, 83, 90, 92, 92),
(222, 22, 3, 7577, 1248, 3124, 101, 84, 91, 93, 93),
(223, 23, 3, 8825, 1383, 3266, 103, 85, 92, 94, 94),
(224, 24, 3, 10208, 1527, 3408, 105, 86, 93, 95, 95),
(225, 25, 3, 11735, 1676, 3550, 107, 87, 94, 96, 96),
(226, 26, 3, 13411, 1833, 3692, 109, 88, 95, 97, 97),
(227, 27, 3, 15244, 1998, 3834, 111, 89, 96, 98, 98),
(228, 28, 3, 17242, 2169, 3976, 113, 90, 97, 99, 99),
(229, 29, 3, 19411, 2349, 4118, 115, 91, 98, 100, 100),
(230, 30, 3, 21760, 2534, 4260, 117, 92, 99, 101, 101),
(231, 31, 3, 24294, 2727, 4402, 119, 93, 100, 102, 102),
(232, 32, 3, 27021, 2928, 4544, 121, 94, 101, 103, 103),
(233, 33, 3, 29949, 3135, 4686, 123, 95, 102, 104, 104),
(234, 34, 3, 33084, 3351, 4828, 125, 96, 103, 105, 105),
(235, 35, 3, 36435, 3572, 4970, 127, 97, 104, 106, 106),
(236, 36, 3, 40007, 3801, 5112, 129, 98, 105, 107, 107),
(237, 37, 3, 43808, 4038, 5254, 131, 99, 106, 108, 108),
(238, 38, 3, 47846, 4281, 5396, 133, 100, 107, 109, 109),
(239, 39, 3, 52127, 4533, 5538, 135, 101, 108, 110, 110),
(240, 40, 3, 56660, 4790, 5680, 137, 102, 109, 111, 111),
(241, 41, 3, 61450, 5055, 5822, 139, 103, 110, 112, 112),
(242, 42, 3, 66505, 5328, 5964, 141, 104, 111, 113, 113),
(243, 43, 3, 71833, 5607, 6106, 143, 105, 112, 114, 114),
(244, 44, 3, 77440, 5895, 6248, 145, 106, 113, 115, 115),
(245, 45, 3, 83335, 6188, 6390, 147, 107, 114, 116, 116),
(246, 46, 3, 89523, 6489, 6532, 149, 108, 115, 117, 117),
(247, 47, 3, 96012, 6798, 6674, 151, 109, 116, 118, 118),
(248, 48, 3, 102810, 7113, 6816, 153, 110, 117, 119, 119),
(249, 49, 3, 109923, 7437, 6958, 155, 111, 118, 120, 120),
(250, 50, 3, 117360, 7766, 7100, 157, 112, 119, 121, 121),
(251, 51, 3, 125126, 8103, 7242, 159, 113, 120, 122, 122),
(252, 52, 3, 133229, 8448, 7384, 161, 114, 121, 123, 123),
(253, 53, 3, 141677, 8999, 7526, 163, 115, 122, 124, 124),
(254, 54, 3, 150676, 9159, 7668, 165, 116, 123, 125, 125),
(255, 55, 3, 159635, 9524, 7810, 167, 117, 124, 126, 126),
(256, 56, 3, 169159, 9897, 7952, 169, 118, 125, 127, 127),
(257, 57, 3, 179056, 10278, 8094, 171, 119, 126, 128, 128),
(258, 58, 3, 189334, 10665, 8236, 173, 120, 127, 129, 129),
(259, 59, 3, 199999, 11061, 8378, 175, 121, 128, 130, 130),
(260, 60, 3, 211060, 11462, 8520, 177, 122, 129, 131, 131),
(261, 61, 3, 222522, 11871, 8662, 179, 123, 130, 132, 132),
(262, 62, 3, 234393, 12288, 8804, 181, 124, 131, 133, 133),
(263, 63, 3, 246681, 12711, 8946, 183, 125, 132, 134, 134),
(264, 64, 3, 259392, 13143, 9088, 185, 126, 133, 135, 135),
(265, 65, 3, 272535, 13580, 9230, 187, 127, 134, 136, 136),
(266, 66, 3, 286115, 14025, 9372, 189, 128, 135, 137, 137),
(267, 67, 3, 300140, 14478, 9514, 191, 129, 136, 138, 138),
(268, 68, 3, 314618, 14937, 9656, 193, 130, 137, 139, 139),
(269, 69, 3, 329555, 15405, 9798, 195, 131, 138, 140, 140),
(270, 70, 3, 344960, 15878, 9940, 197, 132, 139, 141, 141),
(271, 71, 3, 360838, 16359, 10082, 199, 133, 140, 142, 142),
(272, 72, 3, 377197, 16848, 10224, 201, 134, 141, 143, 143),
(273, 73, 3, 394045, 17343, 10366, 203, 135, 142, 144, 144),
(274, 74, 3, 411388, 17847, 10508, 205, 136, 143, 145, 145),
(275, 75, 3, 429235, 18356, 10650, 207, 137, 144, 146, 146),
(276, 76, 3, 447591, 18873, 10792, 209, 138, 145, 147, 147),
(277, 77, 3, 466464, 19398, 10934, 211, 139, 146, 148, 148),
(278, 78, 3, 485862, 19929, 11076, 213, 140, 147, 149, 149),
(279, 79, 3, 505791, 20469, 11218, 215, 141, 148, 150, 150),
(280, 80, 3, 526260, 21014, 11360, 217, 142, 149, 151, 151),
(281, 81, 3, 547274, 21567, 11502, 219, 143, 150, 152, 152),
(282, 82, 3, 568841, 22128, 11644, 221, 144, 151, 153, 153),
(283, 83, 3, 590969, 22695, 11786, 223, 145, 152, 154, 154),
(284, 84, 3, 613664, 23271, 11928, 225, 146, 153, 155, 155),
(285, 85, 3, 636935, 23852, 12070, 227, 147, 154, 156, 156),
(286, 86, 3, 660787, 24441, 12212, 229, 148, 155, 157, 157),
(287, 87, 3, 685228, 25038, 12354, 231, 149, 156, 158, 158),
(288, 88, 3, 710266, 25641, 12496, 233, 150, 157, 159, 159),
(289, 89, 3, 735907, 26253, 12638, 235, 151, 158, 160, 160),
(290, 90, 3, 762160, 26870, 12780, 237, 152, 159, 161, 161),
(291, 91, 3, 789030, 27495, 12922, 246, 160, 167, 170, 170),
(292, 92, 3, 816525, 28128, 13064, 255, 168, 175, 179, 179),
(293, 93, 3, 844653, 28767, 13206, 264, 176, 183, 188, 188),
(294, 94, 3, 873420, 29415, 13348, 273, 184, 191, 197, 197),
(295, 95, 3, 902835, 30068, 13490, 282, 192, 199, 206, 206),
(296, 96, 3, 932903, 30729, 13632, 291, 200, 207, 215, 215),
(297, 97, 3, 963632, 31398, 13774, 300, 208, 215, 224, 224),
(298, 98, 3, 995030, 32073, 13916, 309, 216, 223, 233, 233),
(299, 99, 3, 1027103, 32757, 14058, 318, 224, 231, 242, 242),
(300, 100, 3, 1059860, NULL, 14200, 322, 225, 237, 244, 244),
(301, 1, 4, 0, 10, 238, 79, 83, 89, 97, 95),
(302, 2, 4, 10, 23, 476, 81, 84, 90, 98, 96),
(303, 3, 4, 33, 47, 714, 83, 85, 91, 99, 97),
(304, 4, 4, 80, 76, 952, 85, 86, 92, 100, 98),
(305, 5, 4, 156, 114, 1190, 87, 87, 93, 101, 99),
(306, 6, 4, 270, 158, 1428, 89, 88, 94, 102, 100),
(307, 7, 4, 428, 212, 1666, 91, 89, 95, 103, 101),
(308, 8, 4, 640, 271, 1904, 93, 90, 96, 104, 102),
(309, 9, 4, 911, 339, 2142, 95, 91, 97, 105, 103),
(310, 10, 4, 1250, 413, 2380, 97, 92, 98, 106, 104),
(311, 11, 4, 1663, 497, 2618, 99, 93, 99, 107, 105),
(312, 12, 4, 2160, 586, 2856, 101, 94, 100, 108, 106),
(313, 13, 4, 2746, 684, 3094, 103, 95, 101, 109, 107),
(314, 14, 4, 3430, 788, 3332, 105, 96, 102, 110, 108),
(315, 15, 4, 4218, 902, 3570, 107, 97, 103, 111, 109),
(316, 16, 4, 5120, 1021, 3808, 109, 98, 104, 112, 110),
(317, 17, 4, 6141, 1149, 4046, 111, 99, 105, 113, 111),
(318, 18, 4, 7290, 1283, 4284, 113, 100, 106, 114, 112),
(319, 19, 4, 8573, 1427, 4522, 115, 101, 107, 115, 113),
(320, 20, 4, 10000, 1576, 4760, 117, 102, 108, 116, 114),
(321, 21, 4, 11576, 1734, 4998, 119, 103, 109, 117, 115),
(322, 22, 4, 13310, 1898, 5236, 121, 104, 110, 118, 116),
(323, 23, 4, 15208, 2072, 5474, 123, 105, 111, 119, 117),
(324, 24, 4, 17280, 2251, 5712, 125, 106, 112, 120, 118),
(325, 25, 4, 19531, 2439, 5950, 127, 107, 113, 121, 119),
(326, 26, 4, 21970, 2633, 6188, 129, 108, 114, 122, 120),
(327, 27, 4, 24603, 2837, 6426, 131, 109, 115, 123, 121),
(328, 28, 4, 27440, 3046, 6664, 133, 110, 116, 124, 122),
(329, 29, 4, 30486, 3264, 6902, 135, 111, 117, 125, 123),
(330, 30, 4, 33750, 3488, 7140, 137, 112, 118, 126, 124),
(331, 31, 4, 37238, 3722, 7378, 139, 113, 119, 127, 125),
(332, 32, 4, 40960, 3961, 7616, 141, 114, 120, 128, 126),
(333, 33, 4, 44921, 4209, 7854, 143, 115, 121, 129, 127),
(334, 34, 4, 49130, 4463, 8092, 145, 116, 122, 130, 128),
(335, 35, 4, 53593, 4727, 8330, 147, 117, 123, 131, 129),
(336, 36, 4, 58320, 4996, 8568, 149, 118, 124, 132, 130),
(337, 37, 4, 63316, 5274, 8806, 151, 119, 125, 133, 131),
(338, 38, 4, 68590, 5558, 9044, 153, 120, 126, 134, 132),
(339, 39, 4, 74148, 5852, 9282, 155, 121, 127, 135, 133),
(340, 40, 4, 80000, 6151, 9520, 157, 122, 128, 136, 134),
(341, 41, 4, 86151, 6459, 9758, 159, 123, 129, 137, 135),
(342, 42, 4, 92610, 6773, 9996, 161, 124, 130, 138, 136),
(343, 43, 4, 99383, 7097, 10234, 163, 125, 131, 139, 137),
(344, 44, 4, 106480, 7426, 10472, 165, 126, 132, 140, 138),
(345, 45, 4, 113906, 7764, 10710, 167, 127, 133, 141, 139),
(346, 46, 4, 121670, 8108, 10948, 169, 128, 134, 142, 140),
(347, 47, 4, 129778, 8462, 11186, 171, 129, 135, 143, 141),
(348, 48, 4, 138240, 8821, 11424, 173, 130, 136, 144, 142),
(349, 49, 4, 147061, 9189, 11662, 175, 131, 137, 145, 143),
(350, 50, 4, 156250, 9563, 11900, 177, 132, 138, 146, 144),
(351, 51, 4, 165813, 9947, 12138, 179, 133, 139, 147, 145),
(352, 52, 4, 175760, 10336, 12376, 181, 134, 140, 148, 146),
(353, 53, 4, 186096, 10734, 12614, 183, 135, 141, 149, 147),
(354, 54, 4, 196830, 11138, 12852, 185, 136, 142, 150, 148),
(355, 55, 4, 207968, 11552, 13090, 187, 137, 143, 151, 149),
(356, 56, 4, 219520, 11971, 13328, 189, 138, 144, 152, 150),
(357, 57, 4, 231491, 12399, 13566, 191, 139, 145, 153, 151),
(358, 58, 4, 243890, 12833, 13804, 193, 140, 146, 154, 152),
(359, 59, 4, 256723, 13277, 14042, 195, 141, 147, 155, 153),
(360, 60, 4, 270000, 13726, 14280, 197, 142, 148, 156, 154),
(361, 61, 4, 283726, 14184, 14518, 199, 143, 149, 157, 155),
(362, 62, 4, 297910, 14648, 14756, 201, 144, 150, 158, 156),
(363, 63, 4, 312558, 15122, 14994, 203, 145, 151, 159, 157),
(364, 64, 4, 327680, 15601, 15232, 205, 146, 152, 160, 158),
(365, 65, 4, 343281, 16089, 15470, 207, 147, 153, 161, 159),
(366, 66, 4, 359370, 16583, 15708, 209, 148, 154, 162, 160),
(367, 67, 4, 375953, 17087, 15946, 211, 149, 155, 163, 161),
(368, 68, 4, 393040, 17596, 16184, 213, 150, 156, 164, 162),
(369, 69, 4, 410636, 18114, 16422, 215, 151, 157, 165, 163),
(370, 70, 4, 428750, 18638, 16660, 217, 152, 158, 166, 164),
(371, 71, 4, 447388, 19172, 16898, 219, 153, 159, 167, 165),
(372, 72, 4, 466560, 19711, 17136, 221, 154, 160, 168, 166),
(373, 73, 4, 486271, 20259, 17374, 223, 155, 161, 169, 167),
(374, 74, 4, 506530, 20813, 17612, 225, 156, 162, 170, 168),
(375, 75, 4, 527343, 21377, 17850, 227, 157, 163, 171, 169),
(376, 76, 4, 548720, 21946, 18088, 229, 158, 164, 172, 170),
(377, 77, 4, 570666, 22524, 18326, 231, 159, 165, 173, 171),
(378, 78, 4, 593190, 23108, 18564, 233, 160, 166, 174, 172),
(379, 79, 4, 616298, 23702, 18802, 235, 161, 167, 175, 173),
(380, 80, 4, 640000, 24301, 19040, 237, 162, 168, 176, 174),
(381, 81, 4, 664301, 24909, 19278, 239, 163, 169, 177, 175),
(382, 82, 4, 689210, 25523, 19516, 241, 164, 170, 178, 176),
(383, 83, 4, 714733, 26147, 19754, 243, 165, 171, 179, 177),
(384, 84, 4, 740880, 26776, 19992, 245, 166, 172, 180, 178),
(385, 85, 4, 767656, 27414, 20230, 247, 167, 173, 181, 179),
(386, 86, 4, 795070, 28058, 20468, 249, 168, 174, 182, 180),
(387, 87, 4, 823128, 28712, 20706, 251, 169, 175, 183, 181),
(388, 88, 4, 851840, 29371, 20944, 253, 170, 176, 184, 182),
(389, 89, 4, 881211, 30039, 21182, 255, 171, 177, 185, 183),
(390, 90, 4, 911250, 30713, 21420, 257, 172, 178, 186, 184),
(391, 91, 4, 941963, 31397, 21658, 268, 182, 188, 197, 195),
(392, 92, 4, 973360, 32086, 21896, 279, 192, 198, 208, 206),
(393, 93, 4, 1005446, 32784, 22134, 290, 202, 208, 219, 217),
(394, 94, 4, 1038230, 33488, 22372, 301, 212, 218, 230, 228),
(395, 95, 4, 1071718, 34202, 22610, 312, 222, 228, 241, 239),
(396, 96, 4, 1105920, 34921, 22848, 323, 232, 238, 252, 250),
(397, 97, 4, 1140841, 35649, 23086, 334, 242, 248, 263, 261),
(398, 98, 4, 1176490, 36383, 23324, 345, 252, 258, 274, 272),
(399, 99, 4, 1212873, 37127, 23562, 356, 262, 268, 285, 283),
(400, 100, 4, 1250000, NULL, 23800, 362, 265, 277, 293, 289),
(401, 1, 5, 0, 4, 306, 109, 110, 110, 100, 154),
(402, 2, 5, 4, 9, 612, 112, 112, 112, 101, 156),
(403, 3, 5, 13, 19, 918, 115, 114, 114, 102, 158),
(404, 4, 5, 32, 33, 1224, 118, 116, 116, 103, 160),
(405, 5, 5, 65, 47, 1530, 121, 118, 118, 104, 162),
(406, 6, 5, 112, 66, 1836, 124, 120, 120, 105, 164),
(407, 7, 5, 178, 98, 2142, 127, 122, 122, 106, 166),
(408, 8, 5, 276, 117, 2448, 130, 124, 124, 107, 168),
(409, 9, 5, 393, 147, 2754, 133, 126, 126, 108, 170),
(410, 10, 5, 540, 205, 3060, 136, 128, 128, 109, 172),
(411, 11, 5, 745, 222, 3366, 139, 130, 130, 110, 174),
(412, 12, 5, 967, 263, 3672, 142, 132, 132, 111, 176),
(413, 13, 5, 1230, 361, 3978, 145, 134, 134, 112, 178),
(414, 14, 5, 1591, 366, 4284, 148, 136, 136, 113, 180),
(415, 15, 5, 1957, 500, 4590, 151, 138, 138, 114, 182),
(416, 16, 5, 2457, 589, 4896, 154, 140, 140, 115, 184),
(417, 17, 5, 3046, 686, 5202, 157, 142, 142, 116, 186),
(418, 18, 5, 3732, 794, 5508, 160, 144, 144, 117, 188),
(419, 19, 5, 4526, 914, 5814, 163, 146, 146, 118, 190),
(420, 20, 5, 5440, 1042, 6120, 166, 148, 148, 119, 192),
(421, 21, 5, 6482, 1184, 6426, 169, 150, 150, 120, 194),
(422, 22, 5, 7666, 1337, 6732, 172, 152, 152, 121, 196),
(423, 23, 5, 9003, 1503, 7038, 175, 154, 154, 122, 198),
(424, 24, 5, 10506, 1681, 7344, 178, 156, 156, 123, 200),
(425, 25, 5, 12187, 1873, 7650, 181, 158, 158, 124, 202),
(426, 26, 5, 14060, 2080, 7956, 184, 160, 160, 125, 204),
(427, 27, 5, 16140, 2299, 8262, 187, 162, 162, 126, 206),
(428, 28, 5, 18439, 2535, 8568, 190, 164, 164, 127, 208),
(429, 29, 5, 20974, 2786, 8874, 193, 166, 166, 128, 210),
(430, 30, 5, 23760, 3051, 9180, 196, 168, 168, 129, 212),
(431, 31, 5, 26811, 3335, 9486, 199, 170, 170, 130, 214),
(432, 32, 5, 30146, 3634, 9792, 202, 172, 172, 131, 216),
(433, 33, 5, 33780, 3951, 10098, 205, 174, 174, 132, 218),
(434, 34, 5, 37731, 4286, 10404, 208, 176, 176, 133, 220),
(435, 35, 5, 42017, 4639, 10710, 211, 178, 178, 134, 222),
(436, 36, 5, 46656, 3997, 11016, 214, 180, 180, 135, 224),
(437, 37, 5, 50653, 5316, 11322, 217, 182, 182, 136, 226),
(438, 38, 5, 55969, 4536, 11628, 220, 184, 184, 137, 228),
(439, 39, 5, 60505, 6055, 11934, 223, 186, 186, 138, 230),
(440, 40, 5, 66560, 5117, 12240, 226, 188, 188, 139, 232),
(441, 41, 5, 71677, 6856, 12546, 229, 190, 190, 140, 234),
(442, 42, 5, 78533, 5744, 12852, 232, 192, 192, 141, 236),
(443, 43, 5, 84277, 7721, 13158, 235, 194, 194, 142, 238),
(444, 44, 5, 91998, 6417, 13464, 238, 196, 196, 143, 240),
(445, 45, 5, 98415, 8654, 13770, 241, 198, 198, 144, 242),
(446, 46, 5, 107069, 7136, 14076, 244, 200, 200, 145, 244),
(447, 47, 5, 114205, 9658, 14382, 247, 202, 202, 146, 246),
(448, 48, 5, 123863, 7903, 14688, 250, 204, 204, 147, 248),
(449, 49, 5, 131766, 10734, 14994, 253, 206, 206, 148, 250),
(450, 50, 5, 142500, 87220, 15300, 256, 208, 208, 149, 252),
(451, 51, 5, 151222, 11883, 15606, 259, 210, 210, 150, 254),
(452, 52, 5, 163105, 95920, 15912, 262, 212, 212, 151, 256),
(453, 53, 5, 172697, 13110, 16218, 265, 214, 214, 152, 258),
(454, 54, 5, 185807, 10515, 16524, 268, 216, 216, 153, 260),
(455, 55, 5, 196322, 14417, 16830, 271, 218, 218, 154, 262),
(456, 56, 5, 210739, 11492, 17136, 274, 220, 220, 155, 264),
(457, 57, 5, 222231, 15805, 17442, 277, 222, 222, 156, 266),
(458, 58, 5, 238036, 12526, 17748, 280, 224, 224, 157, 268),
(459, 59, 5, 250562, 17278, 18054, 283, 226, 226, 158, 270),
(460, 60, 5, 267840, 13616, 18360, 286, 228, 228, 159, 272),
(461, 61, 5, 281456, 18837, 18666, 289, 230, 230, 160, 274),
(462, 62, 5, 300293, 14766, 18972, 292, 232, 232, 161, 276),
(463, 63, 5, 315059, 20485, 19278, 295, 234, 234, 162, 278),
(464, 64, 5, 335544, 15976, 19584, 298, 236, 236, 163, 280),
(465, 65, 5, 351520, 22224, 19890, 301, 238, 238, 164, 282),
(466, 66, 5, 373744, 17247, 20196, 304, 240, 240, 165, 284),
(467, 67, 5, 390991, 24059, 20502, 307, 242, 242, 166, 286),
(468, 68, 5, 415050, 18581, 20808, 310, 244, 244, 167, 288),
(469, 69, 5, 433631, 25989, 21114, 313, 246, 246, 168, 290),
(470, 70, 5, 459620, 19980, 21420, 316, 248, 248, 169, 292),
(471, 71, 5, 479600, 28017, 21726, 319, 250, 250, 170, 294),
(472, 72, 5, 507617, 21446, 22032, 322, 252, 252, 171, 296),
(473, 73, 5, 529063, 30146, 22338, 325, 254, 254, 172, 298),
(474, 74, 5, 559209, 22978, 22644, 328, 256, 256, 173, 300),
(475, 75, 5, 582187, 32379, 22950, 331, 258, 258, 174, 302),
(476, 76, 5, 614566, 24580, 23256, 334, 260, 260, 175, 304),
(477, 77, 5, 639146, 34717, 23562, 337, 262, 262, 176, 306),
(478, 78, 5, 673863, 26252, 23868, 340, 264, 264, 177, 308),
(479, 79, 5, 700115, 37165, 24174, 343, 266, 266, 178, 310),
(480, 80, 5, 737280, 27995, 24480, 346, 268, 268, 179, 312),
(481, 81, 5, 765275, 39722, 24786, 349, 270, 270, 180, 314),
(482, 82, 5, 804997, 29812, 25092, 352, 272, 272, 181, 316),
(483, 83, 5, 834809, 42392, 25398, 355, 274, 274, 182, 318),
(484, 84, 5, 877201, 31704, 25704, 358, 276, 276, 183, 320),
(485, 85, 5, 908905, 45179, 26010, 361, 278, 278, 184, 322),
(486, 86, 5, 954084, 33670, 26316, 364, 280, 280, 185, 324),
(487, 87, 5, 987754, 48083, 26622, 367, 282, 282, 186, 326),
(488, 88, 5, 1035837, 35715, 26928, 370, 284, 284, 187, 328),
(489, 89, 5, 1071552, 51108, 27234, 373, 286, 286, 188, 330),
(490, 90, 5, 1122660, 37839, 27540, 376, 288, 288, 189, 332),
(491, 91, 5, 1160499, 54254, 27846, 380, 291, 291, 201, 340),
(492, 92, 5, 1214753, 40043, 28152, 384, 294, 294, 213, 348),
(493, 93, 5, 1254796, 57526, 28458, 388, 297, 297, 225, 356),
(494, 94, 5, 1312322, 42330, 28764, 392, 300, 300, 237, 364),
(495, 95, 5, 1354652, 60925, 29070, 396, 303, 303, 249, 372),
(496, 96, 5, 1415577, 44699, 29376, 400, 306, 306, 261, 380),
(497, 97, 5, 1460276, 64455, 29682, 404, 309, 309, 273, 388),
(498, 98, 5, 1524731, 47153, 29988, 408, 312, 312, 285, 396),
(499, 99, 5, 1571884, 68116, 30294, 412, 315, 315, 297, 404),
(500, 100, 5, 1640000, NULL, 30600, 416, 319, 319, 299, 407);

-- --------------------------------------------------------

--
-- Estrutura da tabela `cavaleiros`
--

CREATE TABLE `cavaleiros` (
  `cav_id` bigint(20) UNSIGNED NOT NULL,
  `cav_nome` varchar(80) COLLATE utf8_unicode_ci NOT NULL,
  `cav_desc` varchar(60) COLLATE utf8_unicode_ci NOT NULL,
  `cav_classe` bigint(20) UNSIGNED NOT NULL COMMENT 'Definido pela tabela de Classes',
  `cav_tipo` bigint(20) UNSIGNED NOT NULL COMMENT 'Definido pela Tabela de Tipos de Cavaleiros.',
  `cav_imagem` varchar(100) COLLATE utf8_unicode_ci NOT NULL,
  `cav_imgleft` varchar(100) COLLATE utf8_unicode_ci NOT NULL,
  `cav_imgright` varchar(100) COLLATE utf8_unicode_ci NOT NULL,
  `cav_raridade` char(1) COLLATE utf8_unicode_ci NOT NULL COMMENT 'FK da tabela de mapas_aux_peso',
  `cav_inicial` tinyint(3) UNSIGNED NOT NULL COMMENT 'Opção 1 - Adiciona o cavaleiro na lista de Cavaleiros iniciais de usuários'
) ENGINE=MyISAM DEFAULT CHARSET=utf8 COLLATE=utf8_unicode_ci;

--
-- Extraindo dados da tabela `cavaleiros`
--

INSERT INTO `cavaleiros` (`cav_id`, `cav_nome`, `cav_desc`, `cav_classe`, `cav_tipo`, `cav_imagem`, `cav_imgleft`, `cav_imgright`, `cav_raridade`, `cav_inicial`) VALUES
(1, 'SEYA V1', 'Seya de Pégaso com armadura inicial', 1, 1, '1.png', '1_left.png', '1_right.png', 'C', 1),
(2, 'SHIRYU V1', 'Shiryu de Dragão com armadura inicial', 1, 1, '2.png', '2_left.png', '2_right.png', 'R', 1),
(3, 'HYOGA V1', 'Hyoga de Cisne com armadura inicial', 1, 1, '3.png', '3_left.png', '3_right.png', 'C', 1),
(4, 'SHUN V1', 'Shun de Andrômeda com armadura inicial', 1, 1, '4.png', '4_left.png', '4_right.png', 'R', 1),
(5, 'IKKI V1', 'Ikki de Fênix com armadura inicial', 1, 1, '5.png', '5_left.png', '5_right.png', 'R', 1),
(6, 'TENMA V1', 'Temna de Pégaso com armadura inicial', 1, 1, '6.png', '6_left.png', '6_right.png', 'R', 1),
(7, 'YATO V1', 'Yato de Unicórnio com armadura inicial', 1, 1, '7.png', '7_left.png', '7_right.png', 'R', 1),
(8, 'KOUGA V1', 'Kouga de Pégaso com armadura inicial', 1, 1, '8.png', '8_left.png', '8_right.png', 'C', 1),
(9, 'SOUMA V1', 'Souma de Leão Menor com armadura inicial', 1, 1, '9.png', '9_left.png', '9_right.png', 'R', 1),
(10, 'RYUHO V1', 'Ryuho de Dragão com armadura inicial', 1, 1, '10.png', '10_left.png', '10_right.png', 'C', 1),
(11, 'YUNA V1', 'Yuna de Águia com armadura inicial', 1, 1, '11.png', '11_left.png', '11_right.png', 'R', 1),
(12, 'HARUTO V1', 'Haruto de Lobo com armadura inicial', 1, 1, '12.png', '12_left.png', '12_right.png', 'R', 1),
(13, 'EDEN V1', 'Eden de Orion com armadura inicial', 1, 1, '13.png', '13_left.png', '13_right.png', 'R', 1),
(14, 'JISTI', 'Jisti de Vampiro', 2, 2, '14.png', '14_left.png', '14_right.png', 'C', 0);

-- --------------------------------------------------------

--
-- Estrutura da tabela `cav_evolucoes`
--

CREATE TABLE `cav_evolucoes` (
  `cev_id` bigint(20) UNSIGNED NOT NULL,
  `cav_id` bigint(20) UNSIGNED NOT NULL,
  `cev_level` bigint(20) UNSIGNED NOT NULL COMMENT 'Level necessário para evoluir',
  `cev_item` bigint(20) UNSIGNED NOT NULL COMMENT 'Codigo do item necessario para evoluir',
  `cev_nextcav` bigint(20) UNSIGNED NOT NULL COMMENT 'Id do Cavaleiro Evoluido'
) ENGINE=MyISAM DEFAULT CHARSET=utf8 COLLATE=utf8_unicode_ci;

-- --------------------------------------------------------

--
-- Estrutura da tabela `cav_tecnicas`
--

CREATE TABLE `cav_tecnicas` (
  `cav_id` bigint(20) UNSIGNED NOT NULL COMMENT 'FK da Tabela de Cavaleiros',
  `tec_id` bigint(20) UNSIGNED NOT NULL COMMENT 'FK da Tabela de Tecnicas'
) ENGINE=InnoDB DEFAULT CHARSET=utf8 COLLATE=utf8_unicode_ci;

-- --------------------------------------------------------

--
-- Estrutura da tabela `cav_users`
--

CREATE TABLE `cav_users` (
  `cvu_id` bigint(20) UNSIGNED NOT NULL,
  `usu_id` bigint(20) UNSIGNED NOT NULL COMMENT 'FK de users',
  `cav_id` bigint(20) UNSIGNED NOT NULL COMMENT 'FK de cavaleiros',
  `cvu_apelido` varchar(60) COLLATE utf8_unicode_ci NOT NULL,
  `cvu_classe` bigint(20) UNSIGNED NOT NULL COMMENT 'Tabela de classes, usada para contorlar melhor as info de cavs',
  `cvu_level` bigint(20) UNSIGNED NOT NULL DEFAULT '1' COMMENT 'Puxa os atributos correspondentes da tabela de atributos',
  `cvu_exp` bigint(20) UNSIGNED NOT NULL DEFAULT '0' COMMENT 'Exp acumulada em batalhas',
  `cvu_lineup` tinyint(3) UNSIGNED NOT NULL DEFAULT '0' COMMENT '0 ou 1. Pode ter até 6 registros de lineup por usuario',
  `cvu_ordem` tinyint(3) UNSIGNED NOT NULL COMMENT 'Valores de 1 a 6. Identificam a ordem de batalha do lineup',
  `cvu_hp` int(10) UNSIGNED NOT NULL COMMENT 'Hp atual do cavaleiro',
  `cvu_status` int(10) UNSIGNED NOT NULL DEFAULT '0' COMMENT 'Status do usuario apos batalha. 0 - sem status',
  `cvu_tec1` bigint(20) UNSIGNED NOT NULL,
  `cvu_tec1desc` varchar(80) COLLATE utf8_unicode_ci DEFAULT NULL,
  `cvu_tec1pp` int(10) UNSIGNED NOT NULL,
  `cvu_tec2` bigint(20) UNSIGNED NOT NULL,
  `cvu_tec2desc` varchar(80) COLLATE utf8_unicode_ci DEFAULT NULL,
  `cvu_tec2pp` int(10) UNSIGNED NOT NULL,
  `cvu_tec3` bigint(20) UNSIGNED NOT NULL,
  `cvu_tec3desc` varchar(80) COLLATE utf8_unicode_ci DEFAULT NULL,
  `cvu_tec3pp` int(10) UNSIGNED NOT NULL,
  `cvu_tec4` bigint(20) UNSIGNED NOT NULL,
  `cvu_tec4desc` varchar(80) COLLATE utf8_unicode_ci DEFAULT NULL,
  `cvu_tec4pp` int(10) UNSIGNED NOT NULL,
  `cvu_tec5` bigint(20) UNSIGNED NOT NULL,
  `cvu_tec5desc` varchar(80) COLLATE utf8_unicode_ci DEFAULT NULL,
  `cvu_tec5pp` int(10) UNSIGNED NOT NULL
) ENGINE=MyISAM DEFAULT CHARSET=utf8 COLLATE=utf8_unicode_ci;

--
-- Extraindo dados da tabela `cav_users`
--

INSERT INTO `cav_users` (`cvu_id`, `usu_id`, `cav_id`, `cvu_apelido`, `cvu_classe`, `cvu_level`, `cvu_exp`, `cvu_lineup`, `cvu_ordem`, `cvu_hp`, `cvu_status`, `cvu_tec1`, `cvu_tec1desc`, `cvu_tec1pp`, `cvu_tec2`, `cvu_tec2desc`, `cvu_tec2pp`, `cvu_tec3`, `cvu_tec3desc`, `cvu_tec3pp`, `cvu_tec4`, `cvu_tec4desc`, `cvu_tec4pp`, `cvu_tec5`, `cvu_tec5desc`, `cvu_tec5pp`) VALUES
(1, 1, 5, '', 1, 1, 0, 1, 0, 0, 0, 1, 'Soco', 0, 10, 'Teste morte', 0, 0, '', 0, 0, '', 0, 0, '', 0),
(2, 1, 12, '', 1, 1, 0, 1, 0, 0, 0, 1, 'Soco', 34, 0, '', 34, 0, '', 34, 0, '', 34, 0, '', 34),
(3, 3, 1, '', 1, 1, 0, 1, 0, 30, 0, 1, 'Soco', 35, 0, '', 0, 0, '', 0, 0, '', 0, 0, '', 0),
(4, 4, 4, '', 1, 1, 0, 1, 0, 30, 0, 1, 'Soco', 35, 0, '', 0, 0, '', 0, 0, '', 0, 0, '', 0),
(5, 5, 2, '', 1, 1, 0, 1, 0, 30, 0, 1, 'Soco', 35, 0, '', 0, 0, '', 0, 0, '', 0, 0, '', 0),
(6, 6, 4, '', 1, 1, 0, 1, 0, 30, 0, 1, 'Soco', 35, 0, '', 0, 0, '', 0, 0, '', 0, 0, '', 0),
(7, 7, 8, '', 1, 1, 0, 1, 0, 30, 0, 1, 'Soco', 35, 0, '', 0, 0, '', 0, 0, '', 0, 0, '', 0),
(8, 9, 6, '', 1, 1, 0, 1, 0, 30, 0, 1, 'Soco', 35, 0, '', 0, 0, '', 0, 0, '', 0, 0, '', 0),
(9, 10, 1, '', 1, 1, 0, 1, 0, 30, 0, 1, 'Soco', 35, 0, '', 0, 0, '', 0, 0, '', 0, 0, '', 0),
(10, 11, 1, '', 1, 1, 0, 1, 0, 30, 0, 1, 'Soco', 35, 0, '', 0, 0, '', 0, 0, '', 0, 0, '', 0),
(11, 12, 1, '', 1, 1, 0, 1, 0, 30, 0, 1, 'Soco', 35, 0, '', 0, 0, '', 0, 0, '', 0, 0, '', 0),
(12, 13, 1, '', 1, 1, 0, 1, 0, 30, 0, 1, 'Soco', 35, 0, '', 0, 0, '', 0, 0, '', 0, 0, '', 0),
(13, 14, 8, '', 1, 1, 0, 1, 0, 30, 0, 1, 'Soco', 35, 0, '', 0, 0, '', 0, 0, '', 0, 0, '', 0),
(14, 15, 12, '', 1, 1, 0, 1, 0, 30, 0, 1, 'Soco', 35, 0, NULL, 0, 0, NULL, 0, 0, NULL, 0, 0, NULL, 0);

-- --------------------------------------------------------

--
-- Estrutura da tabela `cav_users_tecnicas`
--

CREATE TABLE `cav_users_tecnicas` (
  `usu_id` bigint(20) UNSIGNED NOT NULL,
  `cav_id` bigint(20) UNSIGNED NOT NULL COMMENT 'FK da Tabela de Cavaleiros',
  `tec_id` bigint(20) UNSIGNED NOT NULL COMMENT 'FK da Tabela de Tecnicas',
  `cut_pp` int(10) UNSIGNED NOT NULL COMMENT 'qtd de PP. é subtraida a cada turno'
) ENGINE=InnoDB DEFAULT CHARSET=utf8 COLLATE=utf8_unicode_ci;

-- --------------------------------------------------------

--
-- Estrutura da tabela `classes`
--

CREATE TABLE `classes` (
  `cls_id` bigint(20) UNSIGNED NOT NULL,
  `cls_titulo` varchar(10) COLLATE utf8_unicode_ci NOT NULL,
  `cls_desc` varchar(60) COLLATE utf8_unicode_ci NOT NULL,
  `cls_ativo` tinyint(3) UNSIGNED NOT NULL DEFAULT '1'
) ENGINE=MyISAM DEFAULT CHARSET=utf8 COLLATE=utf8_unicode_ci;

--
-- Extraindo dados da tabela `classes`
--

INSERT INTO `classes` (`cls_id`, `cls_titulo`, `cls_desc`, `cls_ativo`) VALUES
(1, 'D', 'Classe D', 1),
(2, 'C', 'Classe C', 1),
(3, 'B', 'Classe B', 1),
(4, 'A', 'Classe A', 1),
(5, 'S', 'Classe S', 1);

-- --------------------------------------------------------

--
-- Estrutura da tabela `itens`
--

CREATE TABLE `itens` (
  `itm_id` bigint(20) UNSIGNED NOT NULL,
  `itm_nome` varchar(45) COLLATE utf8_unicode_ci NOT NULL,
  `itm_desc` varchar(120) COLLATE utf8_unicode_ci NOT NULL,
  `itm_valor` bigint(20) UNSIGNED NOT NULL,
  `itm_ativo` tinyint(3) UNSIGNED NOT NULL
) ENGINE=MyISAM DEFAULT CHARSET=utf8 COLLATE=utf8_unicode_ci;

-- --------------------------------------------------------

--
-- Estrutura da tabela `mapas`
--

CREATE TABLE `mapas` (
  `map_id` bigint(20) UNSIGNED NOT NULL,
  `map_titulo` varchar(45) COLLATE utf8_unicode_ci NOT NULL,
  `map_desc` varchar(500) COLLATE utf8_unicode_ci NOT NULL,
  `map_tile` varchar(45) COLLATE utf8_unicode_ci NOT NULL COMMENT 'Nome do arquivo de imagem do mapa.',
  `map_mini` varchar(20) COLLATE utf8_unicode_ci NOT NULL COMMENT 'miniatura do mapa',
  `map_power` bigint(20) UNSIGNED NOT NULL COMMENT 'Power necessário para jogar o mapa',
  `map_ativo` tinyint(3) UNSIGNED NOT NULL DEFAULT '1' COMMENT 'Mapa ativo:1; desativado: 0.'
) ENGINE=MyISAM DEFAULT CHARSET=utf8 COLLATE=utf8_unicode_ci;

--
-- Extraindo dados da tabela `mapas`
--

INSERT INTO `mapas` (`map_id`, `map_titulo`, `map_desc`, `map_tile`, `map_mini`, `map_power`, `map_ativo`) VALUES
(1, 'Guerra Galática', 'Os cavaleiros batalham para ver quem é digno de possuir a Lendária Armadura de Ouro de Sagitário. Maior probabilidade de batalhas com cavaleiros classe D.', '1.png', '1_mini.png', 0, 1);

-- --------------------------------------------------------

--
-- Estrutura da tabela `mapas_aux_peso`
--

CREATE TABLE `mapas_aux_peso` (
  `pes_id` varchar(1) COLLATE utf8_unicode_ci NOT NULL,
  `pes_desc` varchar(35) COLLATE utf8_unicode_ci NOT NULL,
  `pes_value` int(10) UNSIGNED NOT NULL
) ENGINE=MyISAM DEFAULT CHARSET=utf8 COLLATE=utf8_unicode_ci COMMENT='tabela que define os pesos de raridade dos cavaleiros.';

--
-- Extraindo dados da tabela `mapas_aux_peso`
--

INSERT INTO `mapas_aux_peso` (`pes_id`, `pes_desc`, `pes_value`) VALUES
('N', 'Nenhum', 370),
('C', 'Comum', 590),
('R', 'Raro', 30),
('E', 'Extra Raro', 8),
('L', 'Lendário', 2);

-- --------------------------------------------------------

--
-- Estrutura da tabela `mapas_cavs`
--

CREATE TABLE `mapas_cavs` (
  `mcv_id` bigint(20) UNSIGNED NOT NULL,
  `map_id` bigint(20) UNSIGNED NOT NULL COMMENT 'id do mapa',
  `cav_id` bigint(20) UNSIGNED NOT NULL COMMENT 'id do cavaleiro que aparecera no mapa',
  `mcv_lvlmin` int(10) UNSIGNED NOT NULL COMMENT 'lvl minimo do cavaleiro no mapa.',
  `mcv_lvlmax` int(10) UNSIGNED NOT NULL COMMENT 'lvl maximo do cavaleiro que aparecera no mapa'
) ENGINE=MyISAM DEFAULT CHARSET=utf8 COLLATE=utf8_unicode_ci COMMENT='tabela que define os cavaleiros que vao aparecer nos mapas.';

--
-- Extraindo dados da tabela `mapas_cavs`
--

INSERT INTO `mapas_cavs` (`mcv_id`, `map_id`, `cav_id`, `mcv_lvlmin`, `mcv_lvlmax`) VALUES
(1, 1, 1, 1, 3),
(2, 1, 3, 1, 5),
(3, 1, 5, 4, 6),
(4, 1, 8, 1, 1),
(5, 1, 10, 1, 7);

-- --------------------------------------------------------

--
-- Estrutura da tabela `missoes`
--

CREATE TABLE `missoes` (
  `mis_id` bigint(20) UNSIGNED NOT NULL,
  `mis_titulo` varchar(45) COLLATE utf8_unicode_ci NOT NULL,
  `mis_desc` varchar(120) COLLATE utf8_unicode_ci NOT NULL,
  `mis_imgconq` varchar(45) COLLATE utf8_unicode_ci NOT NULL COMMENT 'nome da imagem da conquista da missao.',
  `mis_ativo` tinyint(3) UNSIGNED NOT NULL DEFAULT '1' COMMENT 'missao ativa: 1; desativada: 0.'
) ENGINE=MyISAM DEFAULT CHARSET=utf8 COLLATE=utf8_unicode_ci;

-- --------------------------------------------------------

--
-- Estrutura da tabela `missoes_cavs`
--

CREATE TABLE `missoes_cavs` (
  `msc_id` bigint(20) UNSIGNED NOT NULL,
  `mis_id` bigint(20) UNSIGNED NOT NULL COMMENT 'Id da missao que o cavaleiro aparecerá.',
  `cav_id` bigint(20) UNSIGNED NOT NULL COMMENT 'Id do cavaleiro que aparecerá na missão',
  `msc_lvl` int(10) UNSIGNED NOT NULL
) ENGINE=MyISAM DEFAULT CHARSET=utf8 COLLATE=utf8_unicode_ci COMMENT='pode-se adicionar 6 Cavaleiros ou menos a cada missão';

-- --------------------------------------------------------

--
-- Estrutura da tabela `missoes_users`
--

CREATE TABLE `missoes_users` (
  `msu_id` bigint(20) UNSIGNED NOT NULL,
  `mis_id` bigint(20) UNSIGNED NOT NULL,
  `usu_id` bigint(20) UNSIGNED NOT NULL,
  `msu_dataconq` datetime NOT NULL COMMENT 'Data/Hora da conquista'
) ENGINE=MyISAM DEFAULT CHARSET=utf8 COLLATE=utf8_unicode_ci COMMENT='Tabela que define quais missões foram cumpridas pelo usuário.';

-- --------------------------------------------------------

--
-- Estrutura da tabela `tecnicas`
--

CREATE TABLE `tecnicas` (
  `tec_id` bigint(20) UNSIGNED NOT NULL,
  `tec_desc` varchar(80) COLLATE utf8_unicode_ci NOT NULL,
  `tec_tipo` bigint(20) UNSIGNED NOT NULL DEFAULT '0' COMMENT 'Classe que pertence a tecnica. 0 = tecnica básica',
  `tec_forca` int(10) UNSIGNED NOT NULL,
  `tec_pp` int(10) UNSIGNED NOT NULL,
  `tec_status` int(10) UNSIGNED NOT NULL COMMENT 'Status de efeito que a tecnica pode causar',
  `tec_acerto` int(10) UNSIGNED NOT NULL COMMENT 'probabilidade de acerto (0 a 100) %',
  `tec_level` bigint(20) UNSIGNED NOT NULL COMMENT 'Level necessario para desbloqueio da tecnica',
  `tec_basica` tinyint(3) UNSIGNED NOT NULL DEFAULT '0'
) ENGINE=MyISAM DEFAULT CHARSET=utf8 COLLATE=utf8_unicode_ci;

--
-- Extraindo dados da tabela `tecnicas`
--

INSERT INTO `tecnicas` (`tec_id`, `tec_desc`, `tec_tipo`, `tec_forca`, `tec_pp`, `tec_status`, `tec_acerto`, `tec_level`, `tec_basica`) VALUES
(1, 'Soco', 0, 10, 35, 0, 100, 1, 1),
(2, 'Chute', 0, 15, 30, 0, 100, 3, 1),
(3, 'Gancho', 0, 20, 25, 0, 100, 7, 1),
(4, 'Voadora', 0, 25, 20, 0, 100, 9, 1),
(5, 'Arremesso', 0, 30, 20, 0, 100, 13, 1),
(6, 'Impulso Cósmico', 0, 35, 15, 0, 100, 20, 1),
(7, 'Soco Cósmico', 0, 40, 10, 0, 100, 30, 1),
(8, 'Chute Cósmico', 0, 45, 10, 0, 100, 40, 1),
(9, 'Explosão Cósmica', 0, 50, 5, 0, 100, 50, 1),
(10, 'teste', 1, 15, 20, 8, 100, 1, 0);

-- --------------------------------------------------------

--
-- Estrutura da tabela `tipos`
--

CREATE TABLE `tipos` (
  `tip_id` bigint(20) UNSIGNED NOT NULL,
  `tip_titulo` varchar(30) COLLATE utf8_unicode_ci NOT NULL,
  `tip_desc` varchar(60) COLLATE utf8_unicode_ci NOT NULL,
  `tip_golpedesc` varchar(60) COLLATE utf8_unicode_ci NOT NULL COMMENT 'Frase que descreve o golpe deste tipo.',
  `tip_ativo` tinyint(4) NOT NULL DEFAULT '1'
) ENGINE=MyISAM DEFAULT CHARSET=utf8 COLLATE=utf8_unicode_ci;

--
-- Extraindo dados da tabela `tipos`
--

INSERT INTO `tipos` (`tip_id`, `tip_titulo`, `tip_desc`, `tip_golpedesc`, `tip_ativo`) VALUES
(1, 'Bronze', 'Cavaleiro de Bronze', '', 1),
(2, 'Fantasma', 'Cavaleiro Fantasma', '', 1),
(3, 'Negro/Renegado', 'Cavaleiro Negro/Renegado', '', 1),
(4, 'Aço', 'Cavaleiro de Aço', '', 1),
(5, 'Anjo/Coroa', 'Cavaleiro Anjo Celeste / Coroa do Sol', '', 1),
(6, 'Marinas', 'Cavaleiro General Marinas', '', 1),
(7, 'G.Deuses', 'Cavaleiro Guerreiro Deuses', '', 1),
(8, 'Palasite', 'Cavaleiro Palasite', '', 1),
(9, 'Bronze.Sec', 'Cavaleiro de Bronze Sec', '', 1),
(10, 'Prata', 'Cavaleiro de Prata', '', 1),
(11, 'Ouro.C/LC', 'Cavaleiro de Ouro Clássico / LC', '', 1),
(12, 'Ouro.O/ND', 'Cavaleiro de Ouro Omega / ND', '', 1),
(13, 'Espectro', 'Cavaleiro Espectro', '', 1);

-- --------------------------------------------------------

--
-- Estrutura da tabela `users`
--

CREATE TABLE `users` (
  `usu_id` bigint(20) UNSIGNED NOT NULL,
  `usu_username` varchar(45) COLLATE utf8_unicode_ci NOT NULL,
  `usu_password` varchar(45) COLLATE utf8_unicode_ci NOT NULL,
  `usu_email` varchar(100) COLLATE utf8_unicode_ci NOT NULL,
  `usu_nome` varchar(100) COLLATE utf8_unicode_ci NOT NULL,
  `usu_dtnasc` date DEFAULT NULL,
  `usu_cidade` varchar(80) COLLATE utf8_unicode_ci DEFAULT NULL,
  `usu_pais` varchar(80) COLLATE utf8_unicode_ci DEFAULT NULL,
  `usu_avatar` varchar(45) COLLATE utf8_unicode_ci NOT NULL,
  `usu_avtmap` varchar(20) COLLATE utf8_unicode_ci NOT NULL,
  `usu_guild` bigint(20) UNSIGNED NOT NULL DEFAULT '0' COMMENT 'Campo destinado a esquema de guilds',
  `usu_vitorias` bigint(20) UNSIGNED NOT NULL DEFAULT '0',
  `usu_derrotas` bigint(20) UNSIGNED NOT NULL DEFAULT '0',
  `usu_rank` bigint(20) UNSIGNED NOT NULL DEFAULT '0',
  `usu_pwr` bigint(20) UNSIGNED NOT NULL DEFAULT '0',
  `usu_money` bigint(20) UNSIGNED NOT NULL DEFAULT '0',
  `usu_dtcad` date NOT NULL,
  `usu_lastlogin` date NOT NULL
) ENGINE=MyISAM DEFAULT CHARSET=utf8 COLLATE=utf8_unicode_ci;

--
-- Extraindo dados da tabela `users`
--

INSERT INTO `users` (`usu_id`, `usu_username`, `usu_password`, `usu_email`, `usu_nome`, `usu_dtnasc`, `usu_cidade`, `usu_pais`, `usu_avatar`, `usu_avtmap`, `usu_guild`, `usu_vitorias`, `usu_derrotas`, `usu_rank`, `usu_pwr`, `usu_money`, `usu_dtcad`, `usu_lastlogin`) VALUES
(1, 'lmacedopro', 'e10adc3949ba59abbe56e057f20f883e', 'macedo.leandro86@gmail.com', 'Leandro Macedo', '1986-12-17', '', '', '09', '09_mini', 0, 0, 0, 0, 0, 0, '2017-03-29', '2017-10-18'),
(2, 'testefu', 'e10adc3949ba59abbe56e057f20f883e', 'fulano@email.com', 'Teste Fulano', NULL, NULL, NULL, '02', '02_mini', 0, 0, 0, 0, 0, 0, '2017-03-29', '2017-03-31'),
(3, 'hugozanin', '01fff2ef1ce8881908fac918feca78bf', 'hugozanin@hotmail.com', 'Hugo Zanin', NULL, NULL, NULL, '01', '01_mini', 0, 0, 0, 0, 0, 0, '2017-03-31', '2017-03-31'),
(4, 'HyousukeBR', '33762735edc81a952692f3e361291e41', 'alucardfls@hotmail.com', 'David Fogaça', NULL, NULL, NULL, '04', '04_mini', 0, 0, 0, 0, 0, 0, '2017-03-31', '2017-06-05'),
(5, 'Tenbu', 'fb7816f5569656bf45e05c2ebee5f5fe', 'moacir.cdz@gmail.com', 'Moacir Junior', NULL, NULL, NULL, '02', '02_mini', 0, 0, 0, 0, 0, 0, '2017-03-31', '2017-05-11'),
(6, 'lmacedo2', 'e10adc3949ba59abbe56e057f20f883e', 'macedo2@email.com', 'Leandro Macedo', NULL, NULL, NULL, '07', '07_mini', 0, 0, 0, 0, 0, 0, '2017-04-10', '2017-04-10'),
(7, 'teste33', 'e10adc3949ba59abbe56e057f20f883e', 'teste3@teste3.com', 'Teste fulano 3', NULL, NULL, NULL, '01', '01_mini', 0, 0, 0, 0, 0, 0, '2017-04-11', '2017-04-11'),
(9, 'testefu2', 'e10adc3949ba59abbe56e057f20f883e', 'testefu2@email.com', 'Teste Fulano', NULL, NULL, NULL, '04', '04_mini', 0, 0, 0, 0, 0, 0, '2017-04-11', '2017-04-11'),
(10, 'hugozanin2', '3015ca4f270b6938b27c95863174a8db', 'hugozanin2@hotmail.com', 'Hugo Zanin', NULL, NULL, NULL, '01', '01_mini', 0, 0, 0, 0, 0, 0, '2017-04-17', '2017-04-17'),
(11, 'saorizanin', '0fbc6cdee3724029bdc08fdd58b0434e', 'saorizanin@hotmail.com', 'Saori Zanin', NULL, NULL, NULL, '01', '01_mini', 0, 0, 0, 0, 0, 0, '2017-05-11', '2017-06-09'),
(12, 'hugozanin01', 'fe780cb0882b0cd57cd2163a88f78d23', 'hugozanin01@hotmail.com', 'Hugo Zanin', NULL, NULL, NULL, '01', '01_mini', 0, 0, 0, 0, 0, 0, '2017-08-01', '2017-08-23'),
(13, 'RFarah', 'e4e92ebc4dbcebc00154526f6dda4683', 'didigomatador@hotmail.com', 'Rodrigo Bastos Moreira da Silva', NULL, NULL, NULL, '01', '01_mini', 0, 0, 0, 0, 0, 0, '2017-08-01', '0000-00-00'),
(14, 'leteste', 'e10adc3949ba59abbe56e057f20f883e', 'leteste@leteste.com', 'Teste leandro', NULL, NULL, NULL, '06', '06_mini', 0, 0, 0, 0, 0, 0, '2017-08-16', '0000-00-00'),
(15, 'theuzera', '89794b621a313bb59eed0d9f0f4e8205', 'theuzera@3perna.com', 'Matheus Duarte Popular', NULL, NULL, NULL, '10', '10_mini', 0, 0, 0, 0, 0, 0, '2017-08-17', '2017-08-17');

-- --------------------------------------------------------

--
-- Estrutura da tabela `users_itens`
--

CREATE TABLE `users_itens` (
  `usi_id` bigint(20) UNSIGNED NOT NULL,
  `usu_id` bigint(20) UNSIGNED NOT NULL,
  `itm_id` bigint(20) UNSIGNED NOT NULL,
  `usi_qtde` bigint(20) UNSIGNED NOT NULL
) ENGINE=MyISAM DEFAULT CHARSET=utf8 COLLATE=utf8_unicode_ci;

--
-- Indexes for dumped tables
--

--
-- Indexes for table `atributos`
--
ALTER TABLE `atributos`
  ADD PRIMARY KEY (`atr_id`);

--
-- Indexes for table `cavaleiros`
--
ALTER TABLE `cavaleiros`
  ADD PRIMARY KEY (`cav_id`);

--
-- Indexes for table `cav_evolucoes`
--
ALTER TABLE `cav_evolucoes`
  ADD PRIMARY KEY (`cev_id`);

--
-- Indexes for table `cav_tecnicas`
--
ALTER TABLE `cav_tecnicas`
  ADD PRIMARY KEY (`cav_id`,`tec_id`) USING BTREE;

--
-- Indexes for table `cav_users`
--
ALTER TABLE `cav_users`
  ADD PRIMARY KEY (`cvu_id`),
  ADD KEY `usu_id` (`usu_id`),
  ADD KEY `cav_id` (`cav_id`),
  ADD KEY `atr_level` (`cvu_level`);

--
-- Indexes for table `cav_users_tecnicas`
--
ALTER TABLE `cav_users_tecnicas`
  ADD PRIMARY KEY (`cav_id`,`tec_id`,`usu_id`) USING BTREE;

--
-- Indexes for table `classes`
--
ALTER TABLE `classes`
  ADD PRIMARY KEY (`cls_id`);

--
-- Indexes for table `itens`
--
ALTER TABLE `itens`
  ADD PRIMARY KEY (`itm_id`);

--
-- Indexes for table `mapas`
--
ALTER TABLE `mapas`
  ADD PRIMARY KEY (`map_id`);

--
-- Indexes for table `mapas_aux_peso`
--
ALTER TABLE `mapas_aux_peso`
  ADD PRIMARY KEY (`pes_id`);

--
-- Indexes for table `mapas_cavs`
--
ALTER TABLE `mapas_cavs`
  ADD PRIMARY KEY (`mcv_id`);

--
-- Indexes for table `missoes`
--
ALTER TABLE `missoes`
  ADD PRIMARY KEY (`mis_id`);

--
-- Indexes for table `missoes_cavs`
--
ALTER TABLE `missoes_cavs`
  ADD PRIMARY KEY (`msc_id`);

--
-- Indexes for table `missoes_users`
--
ALTER TABLE `missoes_users`
  ADD PRIMARY KEY (`msu_id`);

--
-- Indexes for table `tecnicas`
--
ALTER TABLE `tecnicas`
  ADD PRIMARY KEY (`tec_id`);

--
-- Indexes for table `tipos`
--
ALTER TABLE `tipos`
  ADD PRIMARY KEY (`tip_id`);

--
-- Indexes for table `users`
--
ALTER TABLE `users`
  ADD PRIMARY KEY (`usu_id`),
  ADD UNIQUE KEY `usu_email` (`usu_email`),
  ADD UNIQUE KEY `usu_email_2` (`usu_email`),
  ADD UNIQUE KEY `usu_username` (`usu_username`);

--
-- Indexes for table `users_itens`
--
ALTER TABLE `users_itens`
  ADD PRIMARY KEY (`usi_id`);

--
-- AUTO_INCREMENT for dumped tables
--

--
-- AUTO_INCREMENT for table `atributos`
--
ALTER TABLE `atributos`
  MODIFY `atr_id` bigint(20) UNSIGNED NOT NULL AUTO_INCREMENT, AUTO_INCREMENT=501;
--
-- AUTO_INCREMENT for table `cavaleiros`
--
ALTER TABLE `cavaleiros`
  MODIFY `cav_id` bigint(20) UNSIGNED NOT NULL AUTO_INCREMENT, AUTO_INCREMENT=15;
--
-- AUTO_INCREMENT for table `cav_evolucoes`
--
ALTER TABLE `cav_evolucoes`
  MODIFY `cev_id` bigint(20) UNSIGNED NOT NULL AUTO_INCREMENT;
--
-- AUTO_INCREMENT for table `cav_users`
--
ALTER TABLE `cav_users`
  MODIFY `cvu_id` bigint(20) UNSIGNED NOT NULL AUTO_INCREMENT, AUTO_INCREMENT=15;
--
-- AUTO_INCREMENT for table `classes`
--
ALTER TABLE `classes`
  MODIFY `cls_id` bigint(20) UNSIGNED NOT NULL AUTO_INCREMENT, AUTO_INCREMENT=6;
--
-- AUTO_INCREMENT for table `itens`
--
ALTER TABLE `itens`
  MODIFY `itm_id` bigint(20) UNSIGNED NOT NULL AUTO_INCREMENT;
--
-- AUTO_INCREMENT for table `mapas`
--
ALTER TABLE `mapas`
  MODIFY `map_id` bigint(20) UNSIGNED NOT NULL AUTO_INCREMENT, AUTO_INCREMENT=3;
--
-- AUTO_INCREMENT for table `mapas_cavs`
--
ALTER TABLE `mapas_cavs`
  MODIFY `mcv_id` bigint(20) UNSIGNED NOT NULL AUTO_INCREMENT, AUTO_INCREMENT=6;
--
-- AUTO_INCREMENT for table `missoes`
--
ALTER TABLE `missoes`
  MODIFY `mis_id` bigint(20) UNSIGNED NOT NULL AUTO_INCREMENT;
--
-- AUTO_INCREMENT for table `missoes_cavs`
--
ALTER TABLE `missoes_cavs`
  MODIFY `msc_id` bigint(20) UNSIGNED NOT NULL AUTO_INCREMENT;
--
-- AUTO_INCREMENT for table `missoes_users`
--
ALTER TABLE `missoes_users`
  MODIFY `msu_id` bigint(20) UNSIGNED NOT NULL AUTO_INCREMENT;
--
-- AUTO_INCREMENT for table `tecnicas`
--
ALTER TABLE `tecnicas`
  MODIFY `tec_id` bigint(20) UNSIGNED NOT NULL AUTO_INCREMENT, AUTO_INCREMENT=11;
--
-- AUTO_INCREMENT for table `tipos`
--
ALTER TABLE `tipos`
  MODIFY `tip_id` bigint(20) UNSIGNED NOT NULL AUTO_INCREMENT, AUTO_INCREMENT=14;
--
-- AUTO_INCREMENT for table `users`
--
ALTER TABLE `users`
  MODIFY `usu_id` bigint(20) UNSIGNED NOT NULL AUTO_INCREMENT, AUTO_INCREMENT=16;
--
-- AUTO_INCREMENT for table `users_itens`
--
ALTER TABLE `users_itens`
  MODIFY `usi_id` bigint(20) UNSIGNED NOT NULL AUTO_INCREMENT;
/*!40101 SET CHARACTER_SET_CLIENT=@OLD_CHARACTER_SET_CLIENT */;
/*!40101 SET CHARACTER_SET_RESULTS=@OLD_CHARACTER_SET_RESULTS */;
/*!40101 SET COLLATION_CONNECTION=@OLD_COLLATION_CONNECTION */;
